{
  "Total" : {
    "transaction" : "Total",
    "sampleCount" : 250,
    "errorCount" : 0,
    "errorPct" : 0.0,
    "meanResTime" : 9917.979999999998,
    "medianResTime" : 10649.0,
    "minResTime" : 2213.0,
    "maxResTime" : 12998.0,
    "pct1ResTime" : 11723.2,
    "pct2ResTime" : 12350.8,
    "pct3ResTime" : 12810.74,
    "throughput" : 19.043266301035953,
    "receivedKBytesPerSec" : 22.353521576020718,
    "sentKBytesPerSec" : 24.808317622638636
  },
  "HTTP Request" : {
    "transaction" : "HTTP Request",
    "sampleCount" : 250,
    "errorCount" : 0,
    "errorPct" : 0.0,
    "meanResTime" : 9917.979999999998,
    "medianResTime" : 10649.0,
    "minResTime" : 2213.0,
    "maxResTime" : 12998.0,
    "pct1ResTime" : 11723.2,
    "pct2ResTime" : 12350.8,
    "pct3ResTime" : 12810.74,
    "throughput" : 19.043266301035953,
    "receivedKBytesPerSec" : 22.353521576020718,
    "sentKBytesPerSec" : 24.808317622638636
  }
}