{
  "Total" : {
    "transaction" : "Total",
    "sampleCount" : 200,
    "errorCount" : 0,
    "errorPct" : 0.0,
    "meanResTime" : 15108.505000000008,
    "medianResTime" : 15203.5,
    "minResTime" : 6967.0,
    "maxResTime" : 15699.0,
    "pct1ResTime" : 15441.8,
    "pct2ResTime" : 15540.6,
    "pct3ResTime" : 15664.87,
    "throughput" : 12.625465564042674,
    "receivedKBytesPerSec" : 24.06729373145635,
    "sentKBytesPerSec" : 3.4769348525976898
  },
  "HTTP Request" : {
    "transaction" : "HTTP Request",
    "sampleCount" : 200,
    "errorCount" : 0,
    "errorPct" : 0.0,
    "meanResTime" : 15108.505000000008,
    "medianResTime" : 15203.5,
    "minResTime" : 6967.0,
    "maxResTime" : 15699.0,
    "pct1ResTime" : 15441.8,
    "pct2ResTime" : 15540.6,
    "pct3ResTime" : 15664.87,
    "throughput" : 12.625465564042674,
    "receivedKBytesPerSec" : 24.06729373145635,
    "sentKBytesPerSec" : 3.4769348525976898
  }
}