{
  "Total" : {
    "transaction" : "Total",
    "sampleCount" : 200,
    "errorCount" : 0,
    "errorPct" : 0.0,
    "meanResTime" : 1472.6949999999997,
    "medianResTime" : 1411.5,
    "minResTime" : 63.0,
    "maxResTime" : 2469.0,
    "pct1ResTime" : 2342.5,
    "pct2ResTime" : 2391.7,
    "pct3ResTime" : 2435.9300000000003,
    "throughput" : 71.50518412584913,
    "receivedKBytesPerSec" : 100.69382373972113,
    "sentKBytesPerSec" : 76.3932338219521
  },
  "HTTP Request" : {
    "transaction" : "HTTP Request",
    "sampleCount" : 200,
    "errorCount" : 0,
    "errorPct" : 0.0,
    "meanResTime" : 1472.6949999999997,
    "medianResTime" : 1411.5,
    "minResTime" : 63.0,
    "maxResTime" : 2469.0,
    "pct1ResTime" : 2342.5,
    "pct2ResTime" : 2391.7,
    "pct3ResTime" : 2435.9300000000003,
    "throughput" : 71.50518412584913,
    "receivedKBytesPerSec" : 100.69382373972113,
    "sentKBytesPerSec" : 76.3932338219521
  }
}