{
  "Total" : {
    "transaction" : "Total",
    "sampleCount" : 73110,
    "errorCount" : 0,
    "errorPct" : 0.0,
    "meanResTime" : 268.6921488168519,
    "medianResTime" : 214.0,
    "minResTime" : 6.0,
    "maxResTime" : 2398.0,
    "pct1ResTime" : 266.0,
    "pct2ResTime" : 300.0,
    "pct3ResTime" : 372.0,
    "throughput" : 634.740104704769,
    "receivedKBytesPerSec" : 893.842999008083,
    "sentKBytesPerSec" : 73.76374263658937
  },
  "HTTP Request" : {
    "transaction" : "HTTP Request",
    "sampleCount" : 73110,
    "errorCount" : 0,
    "errorPct" : 0.0,
    "meanResTime" : 268.6921488168519,
    "medianResTime" : 214.0,
    "minResTime" : 6.0,
    "maxResTime" : 2398.0,
    "pct1ResTime" : 266.0,
    "pct2ResTime" : 300.0,
    "pct3ResTime" : 372.0,
    "throughput" : 634.740104704769,
    "receivedKBytesPerSec" : 893.842999008083,
    "sentKBytesPerSec" : 73.76374263658937
  }
}