{
  "Total" : {
    "transaction" : "Total",
    "sampleCount" : 600,
    "errorCount" : 30,
    "errorPct" : 5.0,
    "meanResTime" : 17709.195,
    "medianResTime" : 19429.0,
    "minResTime" : 2038.0,
    "maxResTime" : 20549.0,
    "pct1ResTime" : 20379.8,
    "pct2ResTime" : 20477.95,
    "pct3ResTime" : 20528.98,
    "throughput" : 27.637033625057576,
    "receivedKBytesPerSec" : 34.66639437471211,
    "sentKBytesPerSec" : 34.2035280400737
  },
  "HTTP Request" : {
    "transaction" : "HTTP Request",
    "sampleCount" : 600,
    "errorCount" : 30,
    "errorPct" : 5.0,
    "meanResTime" : 17709.195,
    "medianResTime" : 19429.0,
    "minResTime" : 2038.0,
    "maxResTime" : 20549.0,
    "pct1ResTime" : 20379.8,
    "pct2ResTime" : 20477.95,
    "pct3ResTime" : 20528.98,
    "throughput" : 27.637033625057576,
    "receivedKBytesPerSec" : 34.66639437471211,
    "sentKBytesPerSec" : 34.2035280400737
  }
}