{
  "Total" : {
    "transaction" : "Total",
    "sampleCount" : 500,
    "errorCount" : 206,
    "errorPct" : 41.2,
    "meanResTime" : 39620.44,
    "medianResTime" : 41626.5,
    "minResTime" : 13462.0,
    "maxResTime" : 42773.0,
    "pct1ResTime" : 42523.9,
    "pct2ResTime" : 42606.9,
    "pct3ResTime" : 42732.94,
    "throughput" : 11.546810770865086,
    "receivedKBytesPerSec" : 31.873956276557664,
    "sentKBytesPerSec" : 3.179883434945268
  },
  "HTTP Request" : {
    "transaction" : "HTTP Request",
    "sampleCount" : 500,
    "errorCount" : 206,
    "errorPct" : 41.2,
    "meanResTime" : 39620.44,
    "medianResTime" : 41626.5,
    "minResTime" : 13462.0,
    "maxResTime" : 42773.0,
    "pct1ResTime" : 42523.9,
    "pct2ResTime" : 42606.9,
    "pct3ResTime" : 42732.94,
    "throughput" : 11.546810770865086,
    "receivedKBytesPerSec" : 31.873956276557664,
    "sentKBytesPerSec" : 3.179883434945268
  }
}