{
  "Total" : {
    "transaction" : "Total",
    "sampleCount" : 600,
    "errorCount" : 209,
    "errorPct" : 34.833332,
    "meanResTime" : 2660.5399999999995,
    "medianResTime" : 2052.5,
    "minResTime" : 975.0,
    "maxResTime" : 4831.0,
    "pct1ResTime" : 4402.3,
    "pct2ResTime" : 4616.649999999998,
    "pct3ResTime" : 4802.97,
    "throughput" : 109.52902519167579,
    "receivedKBytesPerSec" : 206.73621331918585,
    "sentKBytesPerSec" : 76.25566185195328
  },
  "HTTP Request" : {
    "transaction" : "HTTP Request",
    "sampleCount" : 600,
    "errorCount" : 209,
    "errorPct" : 34.833332,
    "meanResTime" : 2660.5399999999995,
    "medianResTime" : 2052.5,
    "minResTime" : 975.0,
    "maxResTime" : 4831.0,
    "pct1ResTime" : 4402.3,
    "pct2ResTime" : 4616.649999999998,
    "pct3ResTime" : 4802.97,
    "throughput" : 109.52902519167579,
    "receivedKBytesPerSec" : 206.73621331918585,
    "sentKBytesPerSec" : 76.25566185195328
  }
}