{
  "Total" : {
    "transaction" : "Total",
    "sampleCount" : 1,
    "errorCount" : 0,
    "errorPct" : 0.0,
    "meanResTime" : 109.0,
    "medianResTime" : 109.0,
    "minResTime" : 109.0,
    "maxResTime" : 109.0,
    "pct1ResTime" : 109.0,
    "pct2ResTime" : 109.0,
    "pct3ResTime" : 109.0,
    "throughput" : 9.174311926605505,
    "receivedKBytesPerSec" : 10.769065366972477,
    "sentKBytesPerSec" : 11.951691513761467
  },
  "HTTP Request" : {
    "transaction" : "HTTP Request",
    "sampleCount" : 1,
    "errorCount" : 0,
    "errorPct" : 0.0,
    "meanResTime" : 109.0,
    "medianResTime" : 109.0,
    "minResTime" : 109.0,
    "maxResTime" : 109.0,
    "pct1ResTime" : 109.0,
    "pct2ResTime" : 109.0,
    "pct3ResTime" : 109.0,
    "throughput" : 9.174311926605505,
    "receivedKBytesPerSec" : 10.769065366972477,
    "sentKBytesPerSec" : 11.951691513761467
  }
}