{
  "Total" : {
    "transaction" : "Total",
    "sampleCount" : 500,
    "errorCount" : 0,
    "errorPct" : 0.0,
    "meanResTime" : 1653.1739999999995,
    "medianResTime" : 1675.0,
    "minResTime" : 318.0,
    "maxResTime" : 2639.0,
    "pct1ResTime" : 2546.0,
    "pct2ResTime" : 2563.0,
    "pct3ResTime" : 2626.99,
    "throughput" : 131.5097317201473,
    "receivedKBytesPerSec" : 185.19241517622305,
    "sentKBytesPerSec" : 15.282869213571804
  },
  "HTTP Request" : {
    "transaction" : "HTTP Request",
    "sampleCount" : 500,
    "errorCount" : 0,
    "errorPct" : 0.0,
    "meanResTime" : 1653.1739999999995,
    "medianResTime" : 1675.0,
    "minResTime" : 318.0,
    "maxResTime" : 2639.0,
    "pct1ResTime" : 2546.0,
    "pct2ResTime" : 2563.0,
    "pct3ResTime" : 2626.99,
    "throughput" : 131.5097317201473,
    "receivedKBytesPerSec" : 185.19241517622305,
    "sentKBytesPerSec" : 15.282869213571804
  }
}