{
  "Total" : {
    "transaction" : "Total",
    "sampleCount" : 1,
    "errorCount" : 0,
    "errorPct" : 0.0,
    "meanResTime" : 140.0,
    "medianResTime" : 140.0,
    "minResTime" : 140.0,
    "maxResTime" : 140.0,
    "pct1ResTime" : 140.0,
    "pct2ResTime" : 140.0,
    "pct3ResTime" : 140.0,
    "throughput" : 7.142857142857142,
    "receivedKBytesPerSec" : 13.616071428571427,
    "sentKBytesPerSec" : 1.9670758928571426
  },
  "HTTP Request" : {
    "transaction" : "HTTP Request",
    "sampleCount" : 1,
    "errorCount" : 0,
    "errorPct" : 0.0,
    "meanResTime" : 140.0,
    "medianResTime" : 140.0,
    "minResTime" : 140.0,
    "maxResTime" : 140.0,
    "pct1ResTime" : 140.0,
    "pct2ResTime" : 140.0,
    "pct3ResTime" : 140.0,
    "throughput" : 7.142857142857142,
    "receivedKBytesPerSec" : 13.616071428571427,
    "sentKBytesPerSec" : 1.9670758928571426
  }
}