{
  "Total" : {
    "transaction" : "Total",
    "sampleCount" : 1000,
    "errorCount" : 355,
    "errorPct" : 35.5,
    "meanResTime" : 3029.1739999999986,
    "medianResTime" : 3249.5,
    "minResTime" : 36.0,
    "maxResTime" : 4461.0,
    "pct1ResTime" : 4199.8,
    "pct2ResTime" : 4284.95,
    "pct3ResTime" : 4438.0,
    "throughput" : 179.75912277548088,
    "receivedKBytesPerSec" : 342.50256999370845,
    "sentKBytesPerSec" : 13.47403463733597
  },
  "HTTP Request" : {
    "transaction" : "HTTP Request",
    "sampleCount" : 1000,
    "errorCount" : 355,
    "errorPct" : 35.5,
    "meanResTime" : 3029.1739999999986,
    "medianResTime" : 3249.5,
    "minResTime" : 36.0,
    "maxResTime" : 4461.0,
    "pct1ResTime" : 4199.8,
    "pct2ResTime" : 4284.95,
    "pct3ResTime" : 4438.0,
    "throughput" : 179.75912277548088,
    "receivedKBytesPerSec" : 342.50256999370845,
    "sentKBytesPerSec" : 13.47403463733597
  }
}